cost,SR,IR,rmse,r2,max_value,operation_time
50.0,77.95706203138849,89.0198341919149,22.199246076314047,0.7999407617975582,166.1055295213459,0.0
51.0,77.95706203138849,48.25242669274766,29.031917234186867,0.6578365673128159,166.1055295213459,0.9095635414123535
52.0,77.95706203138849,47.84587078105963,26.295613503569065,0.7192958873051726,166.1055295213459,0.8915402889251709
53.0,77.95706203138849,20.527279174653586,32.967388158822324,0.5587840100807857,166.1055295213459,0.8953320980072021
54.0,77.95706203138849,53.417031817030534,23.54794284287648,0.7748934634407083,166.1055295213459,0.9076123237609863
55.0,67.93588931798968,38.853199686207034,19.790541055346814,0.8409998642001877,176.1267022347447,0.8968765735626221
56.0,53.8119414372286,32.255898232453546,23.250191946970222,0.780550171700757,190.25065011550578,0.9394149780273438
57.0,53.8119414372286,40.579959094855326,19.99898359892159,0.8376329094864495,190.25065011550578,0.9406852722167969
58.0,53.8119414372286,31.291691508253365,22.821120722182417,0.7885751180290832,190.25065011550578,0.9399526119232178
59.0,53.8119414372286,42.19403528598218,18.14545290266846,0.8663349746690646,190.25065011550578,0.918126106262207
60.0,53.8119414372286,32.639887692916346,22.84880457526768,0.7880618561647275,190.25065011550578,0.9183363914489746
61.0,37.430341377491715,26.689798398679073,25.561387070084777,0.7347526866587656,206.63225017524266,0.9411959648132324
62.0,37.430341377491715,-2629.302180866208,1151.2674051404363,-537.064795706331,206.63225017524266,0.9596641063690186
63.0,37.430341377491715,-2059.124779411761,867.9931557887851,-304.8544203810329,206.63225017524266,0.9519734382629395
64.0,37.430341377491715,-1626.2613244019033,685.1347008486653,-189.56102875524718,206.63225017524266,0.941859245300293
65.0,37.430341377491715,-2373.8922761803524,973.2944035834928,-383.56575865152587,206.63225017524266,0.939251184463501
66.0,37.430341377491715,-2123.4084364132746,884.1844958857581,-316.3715191695885,206.63225017524266,0.9399292469024658
67.0,37.430341377491715,-1637.1443163377635,689.4887707170103,-191.9907771786446,206.63225017524266,0.955866813659668
68.0,37.430341377491715,-2397.3985523079627,910.2550860097933,-335.3631326228883,206.63225017524266,0.9577882289886475
69.0,37.430341377491715,-2626.9736708394353,1019.3644893238618,-420.8335917882655,206.63225017524266,0.956810474395752
70.0,37.430341377491715,-1891.1645870433654,720.019680577615,-209.4606438830291,206.63225017524266,0.9973089694976807
71.0,37.430341377491715,-2494.946111594892,960.1214741048512,-373.2264902927407,206.63225017524266,0.9661831855773926
72.0,37.430341377491715,-2006.4461931036658,799.7742116551565,-258.6671150519629,206.63225017524266,0.9686338901519775
73.0,37.430341377491715,-2074.575021498252,833.7213679271829,-281.17856783678104,206.63225017524266,0.9886603355407715
74.0,37.430341377491715,-1909.7542694066856,735.9189201110626,-218.85791102266595,206.63225017524266,1.0106699466705322
75.0,13.167375651536219,-2478.6033541701804,936.4645004668648,-355.0121317776308,230.89521590119816,0.9963464736938477
76.0,13.167375651536219,-1965.5452147765122,761.1175947157361,-234.1720382930484,230.89521590119816,1.0048768520355225
77.0,13.167375651536219,-2220.772461123289,921.4970486244664,-343.72283860298336,230.89521590119816,1.028609275817871
78.0,13.167375651536219,41.03516992781613,15.953691497076495,0.8966752080646379,230.89521590119816,1.0196950435638428
79.0,13.167375651536219,-1630.1705766152852,716.6106693317798,-207.47246420229465,230.89521590119816,1.0280883312225342
80.0,13.167375651536219,58.70749490169146,13.872536419009606,0.9218743025703711,230.89521590119816,1.0365972518920898
81.0,13.167375651536219,51.02169131499602,10.882261460447387,0.9519248694291714,230.89521590119816,1.0370030403137207
82.0,13.167375651536219,-1675.2230962232754,664.5242254698808,-178.268422119156,230.89521590119816,1.0599656105041504
83.0,13.167375651536219,-2284.7748742187287,867.1879593626052,-304.28723006001786,230.89521590119816,1.0780072212219238
84.0,13.167375651536219,-1896.4327351826323,816.815999600773,-269.85111771489187,230.89521590119816,1.0598995685577393
85.0,13.167375651536219,-952.5295983087724,434.00640323287894,-75.46706728525889,230.89521590119816,1.0908269882202148
86.0,13.167375651536219,52.669037206479175,11.965875068638763,0.941873912876992,230.89521590119816,1.053356409072876
87.0,13.167375651536219,-2087.6762910676975,863.9158051386559,-301.9877003469,230.89521590119816,1.113121747970581
88.0,13.167375651536219,36.61107217048382,22.16101522535696,0.8006292400408015,230.89521590119816,1.0700738430023193
89.0,13.167375651536219,43.14032616077796,18.30817181855204,0.863926950062302,230.89521590119816,1.097001314163208
90.0,13.167375651536219,36.19643703639315,22.19237897419282,0.8000645150750205,230.89521590119816,1.0887198448181152
91.0,13.167375651536219,49.99933299032537,12.459371743633607,0.9369805733355472,230.89521590119816,1.162945032119751
92.0,13.167375651536219,43.33127145024659,25.190257918120427,0.7423990926368607,230.89521590119816,1.1129348278045654
93.0,13.167375651536219,-283.06493171736156,149.92873349931827,-8.125399885293866,230.89521590119816,1.1242389678955078
94.0,13.167375651536219,-1157.862049025477,490.6983088580339,-96.74876578821667,230.89521590119816,1.1367909908294678
95.0,13.167375651536219,48.555010617430725,11.205887355244146,0.949022954051124,230.89521590119816,1.1589758396148682
96.0,13.167375651536219,-1540.5547674833058,602.6395578345682,-146.43392639571795,230.89521590119816,1.1677370071411133
97.0,13.167375651536219,-1707.873051855563,679.5317235422547,-186.45698717630728,230.89521590119816,1.1604201793670654
98.0,13.167375651536219,33.35075329618488,26.47176132847711,0.7155225560447294,230.89521590119816,1.1552183628082275
99.0,13.167375651536219,-1425.757743093944,563.1048693654352,-127.72435541600629,230.89521590119816,1.1861834526062012
100.0,13.167375651536219,-2022.6605318491024,814.2578823877244,-268.1572627025981,230.89521590119816,1.164485216140747
101.0,13.167375651536219,-1733.709008529205,681.3100320674453,-187.43940650201856,230.89521590119816,1.1909427642822266
102.0,13.167375651536219,-1688.6933124734003,658.7353266548396,-175.15868873272439,230.89521590119816,1.17144775390625
103.0,13.167375651536219,-1684.7418388171764,661.2983855553555,-176.5321795792387,230.89521590119816,1.1903789043426514
104.0,13.167375651536219,-1705.7506093541124,668.8005071776441,-180.583067175074,230.89521590119816,1.1982159614562988
105.0,13.167375651536219,-1183.161863677648,471.3467382968821,-89.19099379065692,230.89521590119816,1.2077529430389404
106.0,13.167375651536219,-1809.438892542863,715.7524972097788,-206.9734536760433,230.89521590119816,1.2653250694274902
107.0,13.167375651536219,-1652.1737363331067,649.4977570467246,-170.25271733630697,230.89521590119816,1.220191478729248
108.0,13.167375651536219,-1653.6309139897264,648.0494126412307,-169.48980056719589,230.89521590119816,1.271242380142212
109.0,13.167375651536219,-1753.2078063827853,707.8923064701848,-202.43072401781848,230.89521590119816,1.227506399154663
110.0,13.167375651536219,-1398.705068538194,545.4796953185606,-119.79232443512669,230.89521590119816,1.2500083446502686
111.0,13.167375651536219,-1236.6288273263997,482.34595036243394,-93.4494500291171,230.89521590119816,1.2443370819091797
112.0,13.167375651536219,-1545.5086446093046,597.9068712346798,-144.12734456512752,230.89521590119816,1.2511909008026123
113.0,13.167375651536219,-1928.5578984078088,743.104704893941,-223.17242099419406,230.89521590119816,1.2903058528900146
114.0,13.167375651536219,-1669.6685217573422,656.8796032102423,-174.16757337011802,230.89521590119816,1.277101993560791
115.0,13.167375651536219,-1993.6535257877417,773.9589607268281,-242.1744966649515,230.89521590119816,1.2820830345153809
116.0,-3.562504775234686,-1827.25614788011,695.0616766620991,-195.12314430751647,247.62509632796906,1.2517073154449463
117.0,-3.562504775234686,-1801.7968554851661,683.3195713384267,-188.55265840491117,247.62509632796906,1.3077692985534668
118.0,-3.562504775234686,-1738.4311565603352,656.1613923104493,-173.78473766300624,247.62509632796906,1.3226947784423828
119.0,-3.562504775234686,-1653.55236469218,633.1211301285335,-161.72556059086065,247.62509632796906,1.3240485191345215
120.0,-3.562504775234686,-1336.8788623347796,505.0540797520894,-102.55186553734588,247.62509632796906,1.3262393474578857
121.0,-3.562504775234686,-1357.7839090517682,520.323259904322,-108.90783196674353,247.62509632796906,1.3042268753051758
122.0,-3.562504775234686,-1812.3238488442903,695.7279804827845,-195.49934181690088,247.62509632796906,1.3649754524230957
123.0,-3.562504775234686,-1602.8230176530233,618.5118063533396,-154.30239314381382,247.62509632796906,1.3197596073150635
124.0,-3.562504775234686,-1395.7720664083265,545.1901552916933,-119.66412560013654,247.62509632796906,1.3591973781585693
125.0,-3.562504775234686,-1294.9725085331795,510.05737348014964,-104.61369094763695,247.62509632796906,1.345099925994873
126.0,-3.562504775234686,-1526.1339065003397,595.8276746297187,-143.11975078099326,247.62509632796906,1.3758490085601807
127.0,-3.562504775234686,-1365.3198198910723,535.9630288412886,-115.61430426398454,247.62509632796906,1.3724122047424316
128.0,-3.562504775234686,-2054.6857834487755,804.2170647119809,-261.56009958417286,247.62509632796906,1.3939244747161865
129.0,-3.562504775234686,-1310.871389410157,518.3961684002684,-108.0952208644026,247.62509632796906,1.3991236686706543
130.0,-3.562504775234686,-1552.8604361310117,607.5035028757868,-148.82342914182428,247.62509632796906,1.4352037906646729
131.0,-3.562504775234686,-34.814124974114804,66.85336427129668,-0.8143818570552248,247.62509632796906,1.4096794128417969
132.0,-3.562504775234686,-1222.6872043178626,479.56796115646404,-92.36465191954412,247.62509632796906,1.3976123332977295
133.0,-3.562504775234686,-1733.6988517577195,673.6732730339795,-183.2386724078261,247.62509632796906,1.4105579853057861
134.0,-3.562504775234686,-1752.5238574929767,680.3789519091413,-186.92471481259525,247.62509632796906,1.4538764953613281
135.0,-3.562504775234686,-1323.9052311383386,518.3919235150803,-108.09343422005864,247.62509632796906,1.463087558746338
136.0,-3.562504775234686,-1286.8263000008271,503.9397209841686,-102.09541292965993,247.62509632796906,1.4468204975128174
137.0,-3.562504775234686,-1607.6611116561317,630.1055973192136,-160.1791403551922,247.62509632796906,1.4920573234558105
138.0,-3.562504775234686,-1538.9163287146398,605.9835539087654,-148.07466279809523,247.62509632796906,1.5397565364837646
139.0,-3.562504775234686,-1280.1925072972163,507.3804421089472,-103.5080165012778,247.62509632796906,1.502561092376709
140.0,-3.562504775234686,-1553.9989932821989,604.7209865618755,-147.45411550655027,247.62509632796906,1.5038776397705078
141.0,-3.562504775234686,-1667.450350199695,650.0815025115141,-170.56068736339805,247.62509632796906,1.5075786113739014
142.0,-3.562504775234686,-1928.7411832764697,750.8091525297593,-227.84492006427345,247.62509632796906,1.5306930541992188
143.0,-3.562504775234686,-1684.6948092804796,655.7338555223387,-173.5570419734262,247.62509632796906,1.5612916946411133
144.0,-3.562504775234686,-1328.2347567281572,517.0905806747725,-107.54639728217522,247.62509632796906,1.5327413082122803
145.0,-3.562504775234686,-1778.3188428600336,695.5020071764429,-195.3717160894995,247.62509632796906,1.5519905090332031
146.0,-3.562504775234686,-1271.50100929129,498.43091875766595,-99.85376358357462,247.62509632796906,1.5761902332305908
147.0,-3.562504775234686,-810.3752885840379,325.22802364612807,-41.939608465858456,247.62509632796906,1.5694482326507568
148.0,-3.562504775234686,-1450.4030169068217,565.0022843279114,-128.59330550952498,247.62509632796906,1.5935688018798828
149.0,-3.562504775234686,-932.4419769145345,365.6758349048163,-53.28435517432158,247.62509632796906,1.5992274284362793
150.0,-3.562504775234686,-1807.0689564596796,707.7439072655527,-202.345440442815,247.62509632796906,1.6138246059417725
151.0,-3.562504775234686,-1692.2724760524225,662.4388829583262,-177.1450635413461,247.62509632796906,1.6273863315582275
152.0,-3.562504775234686,-1110.1813390758775,437.44300986207156,-76.68284496319576,247.62509632796906,1.6709299087524414
153.0,-3.562504775234686,-1487.3662188658946,583.3851339846992,-137.16335680106738,247.62509632796906,1.6494975090026855
154.0,-3.562504775234686,-1295.0464849715213,511.8278755786885,-105.34817223581567,247.62509632796906,1.663205862045288
155.0,-3.562504775234686,-1594.469325589137,630.2916088262402,-160.27431678355853,247.62509632796906,1.6488103866577148
156.0,-3.562504775234686,-1390.1162047122552,548.1328249815397,-120.97021273780533,247.62509632796906,1.7214868068695068
157.0,-3.562504775234686,-1025.7814483683699,430.2442392543876,-74.1471108672116,247.62509632796906,1.6982252597808838
158.0,-3.562504775234686,-1323.1519097205298,526.5240586995507,-111.54302931350983,247.62509632796906,1.7257962226867676
159.0,-3.562504775234686,-1535.708516763594,610.5043301283031,-150.30722186407047,247.62509632796906,1.7118573188781738
160.0,-3.562504775234686,-1223.8368239079834,485.1681581071929,-94.55793152082236,247.62509632796906,1.7201037406921387
161.0,-3.562504775234686,-1390.0225480519698,547.231484140052,-120.56941081507263,247.62509632796906,1.731048822402954
162.0,-3.562504775234686,-1875.1010996938885,742.0523588876198,-222.53794805689114,247.62509632796906,1.7873337268829346
163.0,-3.562504775234686,-1430.6346133572083,562.4213937186755,-127.41206343112,247.62509632796906,1.7826380729675293
164.0,-3.562504775234686,-1611.3937273981403,632.9664737247685,-161.64607034796722,247.62509632796906,1.7908620834350586
165.0,-3.562504775234686,-1175.286910681633,462.1152430319553,-85.69274376693659,247.62509632796906,1.8656480312347412
166.0,-3.562504775234686,-1703.0510243083186,680.5114438018206,-186.99791203702594,247.62509632796906,1.8009836673736572
167.0,-3.562504775234686,-956.7415016382242,385.40136745797275,-59.29879905856711,247.62509632796906,1.8713374137878418
168.0,-3.562504775234686,-1160.8826364421284,470.58607467058397,-88.90012660039005,247.62509632796906,1.8764369487762451
169.0,-3.562504775234686,-2061.3086905398454,828.7311916108497,-277.81075993403323,247.62509632796906,1.881720781326294
170.0,-3.562504775234686,-1689.3833782212598,682.3527056711146,-188.0166213746281,247.62509632796906,1.920698881149292
171.0,-3.562504775234686,-1735.086296147183,700.1124827843258,-197.98383749819757,247.62509632796906,1.926262617111206
172.0,-3.562504775234686,-1417.2680808278114,572.1262434439933,-131.8819212681516,247.62509632796906,1.9404685497283936
173.0,-3.562504775234686,-1212.3650275746795,489.73577899687353,-96.36566347500916,247.62509632796906,2.007007360458374
174.0,-3.562504775234686,-1398.9657795750595,562.4184527664389,-127.41072047808873,247.62509632796906,1.9764931201934814
175.0,-3.562504775234686,-1393.6520814753917,561.0468895438953,-126.78517675465214,247.62509632796906,1.9913661479949951
176.0,-3.562504775234686,-1000.248956323876,403.3004985295064,-65.02975377287027,247.62509632796906,1.96578049659729
177.0,-3.562504775234686,-1383.5207904366337,554.131361772891,-123.65440230554222,247.62509632796906,1.9716002941131592
178.0,-3.562504775234686,-1464.1450212010798,586.69949536286,-138.73769957074913,247.62509632796906,1.9983742237091064
179.0,-3.562504775234686,-1560.2100215574496,623.4990176517042,-156.81697229014944,247.62509632796906,2.016737699508667
180.0,-3.562504775234686,-1108.3366417430864,450.71219226319516,-81.46710953184704,247.62509632796906,2.0222814083099365
181.0,-3.562504775234686,-1376.5310240885015,558.853812002602,-125.7881296786156,247.62509632796906,2.007640838623047
182.0,-3.562504775234686,-1850.3601128246578,746.8973028885439,-225.46648655275672,247.62509632796906,2.0614941120147705
183.0,-3.562504775234686,-1074.7047212307261,437.0166502940146,-76.5314895516121,247.62509632796906,2.1006007194519043
184.0,-3.562504775234686,-1736.8361318659713,700.3198505271349,-198.1017298115415,247.62509632796906,2.0857975482940674
185.0,-3.562504775234686,-1268.3935009044396,511.43923788598937,-105.18673039687543,247.62509632796906,2.076899528503418
186.0,-3.562504775234686,-1110.4893360718488,454.4905437606748,-82.85555995002774,247.62509632796906,2.1229474544525146
187.0,-3.562504775234686,-803.7109608771898,326.75730197133817,-42.34437678598892,247.62509632796906,2.129819869995117
188.0,-3.562504775234686,-1155.924524145473,462.59040687525425,-85.8711167427038,247.62509632796906,2.131878137588501
189.0,-3.562504775234686,-1256.752251266415,502.55489963978175,-101.52958110941077,247.62509632796906,2.107666254043579
190.0,-3.562504775234686,-821.628843077468,332.32180893689576,-43.833211195890506,247.62509632796906,2.1394381523132324
191.0,-3.562504775234686,-911.1757820592825,369.9946190531496,-54.57416883693343,247.62509632796906,2.134155511856079
192.0,-3.562504775234686,-1049.9710464711038,423.94713265795104,-71.96348421989089,247.62509632796906,2.1755645275115967
193.0,-3.562504775234686,-1490.046810103454,599.3089619366439,-144.80878942671114,247.62509632796906,2.1362760066986084
194.0,-3.562504775234686,-913.0856015888046,370.3562490832369,-54.682857497710344,247.62509632796906,2.177586317062378
195.0,-3.562504775234686,-855.2440489447456,353.7628961599694,-49.80503109123266,247.62509632796906,2.2036471366882324
196.0,-3.562504775234686,-1332.1299900722047,534.3947319992909,-114.93284579944584,247.62509632796906,2.227055072784424
197.0,-3.562504775234686,-1240.7089770983987,497.80099677831885,-99.59900467891731,247.62509632796906,2.292781352996826
198.0,-3.562504775234686,-1152.3220908418011,464.95635880173546,-86.7620063474981,247.62509632796906,2.276082992553711
199.0,-3.562504775234686,-1991.7242491567476,798.0974117455423,-257.57942467523753,247.62509632796906,2.2719573974609375
200.0,-3.562504775234686,-1513.4341241277652,608.9233798368847,-149.52459196633222,247.62509632796906,2.269569158554077
201.0,-3.562504775234686,-834.8570441171651,339.58915868669516,-45.81551380167156,247.62509632796906,2.2743778228759766
202.0,-3.562504775234686,-1550.7808395325856,619.7308231620722,-154.91516330007425,247.62509632796906,2.299309015274048
203.0,-3.562504775234686,-1464.549563221888,589.1633136094152,-139.9138083224834,247.62509632796906,2.3368890285491943
204.0,-3.562504775234686,-1272.2469704362754,511.1726143722432,-105.07604471888983,247.62509632796906,2.315577268600464
205.0,-3.562504775234686,-1105.6919901384304,445.7548452413134,-79.6629879292391,247.62509632796906,2.3441665172576904
206.0,-3.562504775234686,-1184.0031602562578,474.5775945796984,-90.4316635518285,247.62509632796906,2.3774988651275635
207.0,-3.562504775234686,19.16661346857046,25.551540278434064,0.7349570051455467,247.62509632796906,2.389784336090088
208.0,-3.562504775234686,40.7013057907931,15.058961500196126,0.9079397381098745,247.62509632796906,2.4476208686828613
209.0,-3.562504775234686,-1391.644127710676,554.5302931338354,-123.83394980683913,247.62509632796906,2.4624149799346924
210.0,-3.562504775234686,-1336.0182187459072,534.1879201126258,-114.84313065184664,247.62509632796906,2.45798921585083
211.0,-3.562504775234686,-1380.364747593419,549.0375284207715,-121.3731732272983,247.62509632796906,2.455301284790039
212.0,-3.562504775234686,-1210.2028786174806,483.2314434981945,-93.79654989711092,247.62509632796906,2.5029940605163574
213.0,-3.562504775234686,-1435.6949387623815,573.3644903281036,-132.45773362996815,247.62509632796906,2.483294725418091
214.0,-3.562504775234686,-1184.968864516096,470.93780187653067,-89.03456380087316,247.62509632796906,2.515422821044922
215.0,-3.562504775234686,-2009.6693581684103,797.2985984103988,-257.06206095849046,247.62509632796906,2.527085304260254
216.0,-3.562504775234686,-1188.1921990551193,473.00771918490534,-89.82776266983643,247.62509632796906,2.556131362915039
217.0,-3.562504775234686,-1359.9896084725826,540.5656595171487,-117.62577581948379,247.62509632796906,2.5475878715515137
218.0,-3.562504775234686,-1446.275064387422,577.753762238053,-134.50887023909738,247.62509632796906,2.6068735122680664
219.0,-3.562504775234686,-1226.1990076808565,483.76467057535285,-94.00587392529486,247.62509632796906,2.1824474334716797
220.0,-3.562504775234686,-1586.8744927535442,628.166739957906,-159.18875851409572,247.62509632796906,2.22017765045166
221.0,-3.562504775234686,-1361.5630650317632,538.4972129098452,-116.71968188131044,247.62509632796906,2.2054636478424072
222.0,-3.562504775234686,-1453.201492762334,573.3296939926951,-132.44153555970763,247.62509632796906,2.2767679691314697
223.0,-3.562504775234686,-1354.20913012789,530.3869162235485,-113.2004366534173,247.62509632796906,2.2426071166992188
224.0,-3.562504775234686,-1150.7953596813595,452.09493387587554,-81.97388801975261,247.62509632796906,2.2811479568481445
225.0,-3.562504775234686,-902.0540066121985,357.1564550446404,-50.7844260976459,247.62509632796906,2.229851245880127
226.0,-3.562504775234686,-970.592462588635,386.1194875883956,-59.52371846626848,247.62509632796906,2.342869520187378
227.0,-3.562504775234686,-430.08638122478396,175.26365069729803,-11.469983173752675,247.62509632796906,2.336139440536499
228.0,-3.562504775234686,-1050.3771853276303,412.4621877131931,-68.06379550768699,247.62509632796906,2.3279385566711426
229.0,-3.562504775234686,-716.7560942013046,282.7644553321252,-31.45875007430763,247.62509632796906,2.3243930339813232
230.0,-3.562504775234686,-1012.5365530787712,400.232998475644,-64.02913021102626,247.62509632796906,2.3593409061431885
231.0,-3.562504775234686,-1197.4044685886686,470.7580917838228,-88.965862445525,247.62509632796906,2.339273691177368
232.0,-3.562504775234686,-999.7247030532253,394.99749917605425,-62.33894890826568,247.62509632796906,2.393885612487793
233.0,-3.562504775234686,123.90674369670596,93.94709014253495,-2.5830166495172473,247.62509632796906,2.3628199100494385
234.0,-3.562504775234686,-1010.5618039259678,399.67051068345154,-63.84647466498538,247.62509632796906,2.4182050228118896
235.0,-3.562504775234686,-1029.715135060091,407.6395005918516,-66.45818961489242,247.62509632796906,2.4513425827026367
236.0,-3.562504775234686,-1216.2168381785973,494.04228648174035,-98.08556864375905,247.62509632796906,2.4324393272399902
237.0,-3.562504775234686,-1454.6195611006576,570.1811318253892,-130.97991476452802,247.62509632796906,2.408510684967041
238.0,-3.562504775234686,-1092.543197047294,432.1235342837682,-74.8050256486261,247.62509632796906,2.481952667236328
239.0,-3.562504775234686,-2147.1295437987524,843.507704660253,-287.841949615553,247.62509632796906,2.468860626220703
240.0,-3.562504775234686,-1668.3082844664016,658.1863034837801,-174.86517206729673,247.62509632796906,2.4709153175354004
241.0,-3.562504775234686,-1400.155432805742,554.2463184484501,-123.70612773768075,247.62509632796906,2.446533441543579
242.0,-3.562504775234686,-1456.6335874527522,577.1345861194823,-134.21857737700242,247.62509632796906,2.563262939453125
243.0,-3.562504775234686,-813.937797537443,333.9538626851475,-44.274650067533976,247.62509632796906,2.538442850112915
244.0,-3.562504775234686,-1057.289604995331,426.54652881496366,-72.86096615128325,247.62509632796906,2.5453407764434814
245.0,-3.562504775234686,-1007.4249884656579,409.98222036751133,-67.23578723742371,247.62509632796906,2.515134334564209
246.0,-3.562504775234686,-1128.6121815389245,448.46862361949417,-80.64813847378778,247.62509632796906,2.569459915161133
247.0,-3.562504775234686,-1007.7883014149261,401.6447314741411,-64.48869090709134,247.62509632796906,2.617783546447754
248.0,-3.562504775234686,-1002.5437669230394,399.7804174423763,-63.88214427590577,247.62509632796906,2.5785253047943115
249.0,-3.562504775234686,-1567.445074856597,619.1467983823862,-154.62143767108833,247.62509632796906,2.6268203258514404
250.0,-3.562504775234686,-1290.7888665408082,512.4285932814954,-105.59795433211968,247.62509632796906,2.6680643558502197
251.0,-3.562504775234686,-1099.3135281755624,438.70229974639216,-77.13074800842764,247.62509632796906,2.69077730178833
252.0,-3.562504775234686,-931.1121271056543,370.5423166151228,-54.73882185377143,247.62509632796906,2.6762452125549316
253.0,-3.562504775234686,-1320.1527292270969,519.110012509498,-108.39588126567921,247.62509632796906,2.6520888805389404
254.0,-3.562504775234686,-973.5426901033625,398.7198101960873,-63.53833958785316,247.62509632796906,2.7455966472625732
255.0,-3.562504775234686,-1211.8749489655736,477.4417782824647,-91.53861561837542,247.62509632796906,2.7644662857055664
256.0,-3.562504775234686,-529.4485393185107,215.7018486221936,-17.888170498667517,247.62509632796906,2.7792813777923584
257.0,-3.562504775234686,-1364.4897494216154,535.0043234586385,-115.19748905470288,247.62509632796906,2.722618818283081
258.0,-3.562504775234686,-606.4025827552035,243.3982232899304,-23.05010448730297,247.62509632796906,2.805418014526367
259.0,-3.562504775234686,-1070.500144004289,428.16163333707016,-73.42136940032148,247.62509632796906,2.788407802581787
260.0,-3.562504775234686,-1026.2577082032947,404.4386489662597,-65.40296350578144,247.62509632796906,2.8341469764709473
261.0,-3.562504775234686,-992.7035989902668,389.81445377137766,-60.68762304728091,247.62509632796906,2.840961456298828
262.0,-3.562504775234686,-1061.0103218212696,417.69087874588035,-69.82590672698213,247.62509632796906,2.872302293777466
263.0,-3.562504775234686,-980.9435945129342,388.0831731115465,-60.140894080578185,247.62509632796906,2.8284854888916016
264.0,-3.562504775234686,-1530.9787659012914,598.7690215381099,-144.5461783318994,247.62509632796906,2.893160820007324
265.0,-3.562504775234686,-1332.5280901130172,525.8279893573448,-111.24566029684739,247.62509632796906,2.8293254375457764
266.0,-3.562504775234686,-942.1409277290732,372.19779760515763,-55.23798583313725,247.62509632796906,2.9449303150177
267.0,-3.562504775234686,-1085.7879048034386,427.81373118990496,-73.30047657293066,247.62509632796906,2.8844337463378906
268.0,-3.562504775234686,-1203.1315570247668,473.67453629343504,-90.08402993304148,247.62509632796906,2.972266435623169
269.0,-3.562504775234686,-1084.2883242138273,428.00819918033795,-73.36804031534288,247.62509632796906,2.864762544631958
270.0,-3.562504775234686,95.14598366613484,102.04411828795561,-3.227251774361201,247.62509632796906,2.9862570762634277
271.0,-3.562504775234686,32.41934487191904,40.011905167600695,0.35007892255891226,247.62509632796906,3.038125991821289
272.0,-3.562504775234686,23.8059116815879,14.715118812378412,0.9120957837542907,247.62509632796906,3.0349082946777344
273.0,-3.562504775234686,-1114.1099596434615,438.64065759856567,-77.10879321693272,247.62509632796906,3.014557123184204
274.0,-3.562504775234686,-1095.0019671505281,432.2433965933407,-74.84708503622957,247.62509632796906,3.028451442718506
275.0,-3.562504775234686,-1377.5914544621774,541.957133297682,-118.23727268715291,247.62509632796906,3.06179141998291
276.0,-3.562504775234686,-1229.2589240750715,482.88798674516454,-93.66184448759537,247.62509632796906,3.087599515914917
277.0,-3.562504775234686,-1599.7146647821844,622.2272277941529,-156.17381065348292,247.62509632796906,3.0663414001464844
278.0,-3.562504775234686,-926.5133852445906,365.9554067824013,-53.36739145446307,247.62509632796906,3.1304662227630615
279.0,-3.562504775234686,-1717.3355846990385,667.7405461844903,-180.0079526362786,247.62509632796906,3.1174819469451904
280.0,-3.562504775234686,-1238.4883276751282,483.2962008170265,-93.82195876407694,247.62509632796906,3.185121536254883
281.0,-3.562504775234686,-1094.202019600964,429.78716055341374,-73.9875275633063,247.62509632796906,3.131772994995117
282.0,-3.562504775234686,-1429.768531519108,556.2702734013037,-124.61857559115069,247.62509632796906,3.2021524906158447
283.0,-3.562504775234686,-952.9034911754154,377.15983080089234,-56.74747832839766,247.62509632796906,3.1867048740386963
284.0,-3.562504775234686,-830.0757084543459,328.67469784522893,-42.85455462446048,247.62509632796906,3.219461441040039
285.0,-3.562504775234686,-1126.862943004415,438.55602238927526,-77.0786541216248,247.62509632796906,3.182318925857544
286.0,-3.562504775234686,32.14835799753794,19.176409238840485,0.8507148053742623,247.62509632796906,3.295299530029297
287.0,-3.562504775234686,-1107.2456572464243,429.94440770734644,-74.0424092976937,247.62509632796906,3.239032506942749
288.0,-3.562504775234686,-678.7076363649198,272.52665884616664,-29.15089052027496,247.62509632796906,3.360602617263794
289.0,-3.562504775234686,-1431.2758233738996,549.8283400117747,-121.72594990860793,247.62509632796906,3.2686259746551514
290.0,-3.562504775234686,-950.9044409830976,371.01719884277463,-54.881781705347876,247.62509632796906,3.3974807262420654
291.0,-3.562504775234686,-1472.5358978960428,565.0024489522456,-128.5933810285639,247.62509632796906,3.3516554832458496
292.0,-3.562504775234686,-1497.7047867260549,574.7163892641811,-133.08781823783082,247.62509632796906,3.3916046619415283
293.0,-3.562504775234686,-787.9189575172936,312.39190849907834,-38.6170116148971,247.62509632796906,3.9614124298095703
294.0,-3.562504775234686,-1396.8924587855665,536.5145886987788,-115.85444345767377,247.62509632796906,3.0996882915496826
295.0,-3.562504775234686,-836.7216850982807,336.2882065512373,-44.909803537548875,247.62509632796906,3.0761730670928955
296.0,-3.562504775234686,-1127.1516122843952,440.1913712013023,-77.66204093698248,247.62509632796906,3.1564979553222656
297.0,-3.562504775234686,-1193.2873064146738,460.8415927292841,-85.21552913196362,247.62509632796906,3.0649476051330566
298.0,-3.562504775234686,-824.789881517798,325.3723487372918,-41.97772718578735,247.62509632796906,3.20261549949646
299.0,-3.562504775234686,-1469.350442134437,564.2864865078055,-128.2651516312971,247.62509632796906,3.126504898071289
300.0,-3.562504775234686,-1159.3531136606962,449.0358196514912,-80.85479634496826,247.62509632796906,3.117605686187744
